title,genre,director,country,year
? (фильм),драма,Ханун Брамантйо,Индонезия,2011
13-й район: Ультиматум,боевик,"Патрик Алессандрен, фр., Patrick Alessandrin",Франция,2009
13-я жертва,ужасы,Мэл Хаус,США,2008
14,мелодрама,Андрей Зайцев,Россия,2015
14 клинков,"боевик, триллер",Дэниел Ли,"Гонконг, Китай",2010
14+: Продолжение,мелодрама,Андрей Зайцев,Россия,2023
14 июля (фильм),комедия,Рене Клер,Франция,1933
14 амазонок,"приключенческий фильм, драма, военный фильм","Чэн Ган, Дун Шаоюн",Гонконг,1972
13-й участок,"криминальный фильм, драма, экранизация",Мартин Фрич,Чехословакия,1946
13-й район: Кирпичные особняки,боевик,Камиль Деламарр,"Франция, Канада, США",2014
13-й район,боевик,Пьер Морель,Франция,2004
13-й знак,Ужасы,"Джонти Эктон, Адам Мэйсон",Великобритания,2000
13-й апостол,фантастический фильм,Сурен Бабаян,СССР,1988
13 убийц,боевик,Такаси Миикэ,Япония,2010
13 стульев,Комедия,Эмерих Йозеф Войтек,Нацистская Германия,1938
13 часов: Тайные солдаты Бенгази,"военный, драма, триллер",Майкл Бэй,США,2016
38-я параллель (фильм),"драма, боевик, военный",Кан Джегю,Республика Корея,2004
33 (фильм),драма,Патрисия Ригген,"США, Чили, Колумбия",2015
36 безумных кулаков,"боевик, комедия",Чэнь Чжихуа,Гонконг,1977
34-й скорый,"Фильм-катастрофа, приключенческий фильм, драма",Андрей Малюков,СССР,1981
32 декабря (фильм),"комедия, фантастика, мелодрама",Александр Муратов,Россия,2004
32-е августа на Земле,"драма, мелодрама",Дени Вильнёв,Канада,1998
31 июня (фильм),"музыкальный фильм, мюзикл, фэнтези",Леонид Квинихидзе,СССР,1978
31-й километр,"ужасы, мистика",Ригоберто Кастаньеда,"Мексика, Испания",2006
31 (фильм),Фильм ужасов,Роб Зомби,США,2016
30 Rock: A XXX Parody,порнофильм,Ли Рой Майерс,США,2009
30 свиданий,"комедия, мелодрама",Таисия Игуменцева,Россия,2016
30 ночей паранормального явления с одержимой девушкой с татуировкой дракона,"комедийный, фильм ужасов",Крэйг Мосс,США,2012
"29-я улица (фильм, 1991)","комедия, драма",Джордж Галло,США,1991
30 дней до рассвета,"фильм ужасов, комедия",Андерс Банке,Швеция,2006
30 безумных желаний,независимый кинематограф,Питер Хатчингс,США,2018
30 дней ночи: Тёмные времена,"триллер, фильм ужасов",Бен Кетай,США,2010
30 дней ночи,фильм о вампирах,Дэвид Слейд,США,2007
29 километр (фильм),"драма, музыкальный фильм",Леонид Андронов,Россия,2012
"29 пальм (фильм, 2003)","драма, роуд-муви",Брюно Дюмон,"Франция, Германия, США",2003
28 недель спустя,"постапокалиптический, фильм ужасов",Хуан Карлос Фреснадильо,"Великобритания, США, Испания",2007
27-й день,научная фантастика,Уильям Эшер,США,1957
28 лет спустя,"постапокалиптический, фильм ужасов",Дэнни Бойл,"Великобритания, США",2025
27 секунд памяти,документальный,Иван Качалин,"Россия, Чехия, Нидерланды",2019
27 украденных поцелуев,"комедия, драма, мелодрама",Нана Джорджадзе,"Грузия, Франция, Германия, Россия",2000
28 дней,"драма, комедия",Бетти Томас,США,2000
28 дней спустя,Музыка к фильму,Дэнни Бойл,Великобритания,2002
28 лет спустя: Храм костей,"постапокалиптический, фильм ужасов",Ниа Дакоста,"Великобритания, США",2026
27 свадеб,романтическая комедия,Энн Флетчер,США,2008
"Аватар, или Замена душ","фантастика, драма",Януш Маевский,Польша,1964
"Авария (фильм, 1990)",детектив,Джеймс Аллен,"ЮАР, США, Заир",1990
"Аватар (фильм, 1916)","мистическая, драма",Кармине Галлоне,Италия,1916
Аватар 4,"эпический фильм, научная фантастика, боевик, приключения, фэнтези",Джеймс Кэмерон,США,2029
"Авария (фильм, 1997)",триллер,Джонатан Мостоу,США,1997
Аватар: Пламя и пепел,"эпический фильм, научная фантастика, приключенческий боевик",Джеймс Кэмерон,США,2025
"Авария (фильм, 1974)","детектив, драма",Витаутас Жалакявичюс,СССР,1974
"Авария (фильм, 1976)",боевик,Серджиу Николаеску,Румыния,1976
"Авария (фильм, 1965)",Детектив,"Александр Абрамов, Наум Бирман",СССР,1965
Аварийный выход (фильм),комедия,Роман Залуски,Польша,1982
Авария — дочь мента,драма,Михаил Туманишвили,СССР,1989
"Авантюристы (фильм, 1984)","драма, комедия, боевик, военный, приключения",Анри Вернёй,Франция,1984
"Авантюристы (фильм, 2014)",приключения,Константин Буслов,Россия,2014
"Аватар (фильм, 2009)","эпический фильм, научная фантастика, приключенческий боевик, драма",Джеймс Кэмерон,"США, Великобритания",2009
Авантюрист (фильм),"военная, драма, приключенческий фильм",Чжан Пэйчэн,Китайская Республика,1976
Авантюра леди Хелен,короткометражный фильм,Дэвид Уорк Гриффит,США,1909
"Авантюра (фильм, 1995)","комедия, шпионский фильм",Виталий Макаров,"Россия, Украина",1995
"Авантюристы (фильм, 1951)",приключенческий фильм,Дэвид Макдональд,Великобритания,1951
Аванти! (фильм),комедия,Билли Уайлдер,"США, Италия",1972
Аванти пополо,военная драма,Рафи Букай,Израиль,1986
"Авансцена (фильм, 1991)","драма, биография",Стэнли Кван,Гонконг,1991
Аванпост (фильм),"фильм-триллер, научно-фантастический фильм, боевик, антиутопический фильм","Баранов, Егор Геннадьевич",Россия,2019
Авангард: Арктические волки,"боевик, криминал, комедия",Стэнли Тонг,Китай,2020
Ава (фильм),драма,Леа Мисиус,Франция,2017
Абу Райхан Беруни (фильм),драма,Шухрат Аббасов,СССР,1974
"Авалон (фильм, 2001)","фантастика, триллер, драма, киберпанк",Мамору Осии,"Япония, Польша",2001
Абсурдистан,Комедия,Файт Хельмер,"Германия, Азербайджан",2008
"Авалон (фильм, 1990)",драма,Барри Левинсон,США,1990
Абсолютные новички,"драма, фэнтези, мелодрама, мюзикл",Джулиен Темпл,"Великобритания, Австралия",1986
Абсолютная сотня,"криминал, драма, боевик, триллер",Срджан Голубович,СР Югославия,2001
Актриса (фильм),"мелодрама, комедия, военный фильм",Леонид Трауберг,СССР,1942
Актёры (фильм),комедия,Бертран Блие,Франция,2000
Активная зона (фильм),драма,Леонид Пчёлкин,СССР,1979
"Актёры (фильм, 2003)","комедия, криминал",Конор МакФерсон,"Великобритания, Германия, Ирландия",2003
Актёр Йоллер,драма,Вирве Аруоя,СССР,1960
"Акт убийства (фильм, 1948)",Фильм нуар,Майкл Гордон,США,1948
Акт убийства,"документальный, исторический","Джошуа Оппенхаймер, Кристин Цинн (сорежиссёр), Анонимные сорежиссёры","Великобритания, Дания, Норвегия",2012
"Акт насилия (фильм, 1948)","Фильм нуар, Драма",Фред Циннеман,США,1948
Акт агрессии (фильм),"криминальный фильм, драма",Жерар Пирес,"Франция, Италия",1975
"Акт (фильм, 1993)","мелодрама, детективный фильм",Александр Рогожкин,Россия,1993
Аксели и Элина,"драма, исторический",Эдвин Лайне,Финляндия,1970
Акселератка,эксцентрическая комедия,Алексей Коренев,СССР,1987
Акробатическая смесь,"хроника, короткометражка",Макс Складановский,Германская империя,1895
"Акмаль, дракон и принцесса",сказка,Юрий Степчук,СССР,1981
"Американская трагедия (фильм, 1931)",драма,Джозеф фон Штернберг,США,1931
Американская сказка,"фэнтези, комедия",Дэвид Цукер,США,2008
"Айна (фильм, 1959)","драма, исторический","Алты Карлиев, Владимир Иванов",СССР,1959
Американская рапсодия,"биографический фильм, фильм о взрослении, драма",Эва Гардос,"США, Венгрия",2001
Американская пастораль,"драма, криминал",Юэн Макгрегор,США,2016
Американская ночь,трагикомедия,Франсуа Трюффо,"Франция, Италия",1973
Американская милашка,Роуд-муви,Андреа Арнольд,"Великобритания, США",2016
Американская Мэри,"фильм ужасов, триллер","Джен Соска, Сильвия Соска",Канада,2012
"Айрис (фильм, 2014)",документальный,Альберт Мэйслес,США,2014
Американская мечта (фильм),"комедия, музыка",Пол Вайц,США,2006
Американская интрижка,"комедия, драма",Уильям Олсон,США,2008
Американская история Икс,"Инструментальная, электроакустическая",Тони Кэй,США,1998
Американская звезда,фильм-триллер,Гонсало Лопес-Гальего,"США, Великобритания",2024
Анна Бонд,"боевик, мелодрама, драма",Дуния Сури,Индия,2012
"Анна (фильм, 2019)","боевик, триллер, шпионский фильм",Люк Бессон,Франция,2019
"Анна (фильм, 1988)","мелодрама, семейный фильм","Франк Штрекер, нем., Frank Strecker",ФРГ,1988
"Анна (фильм, 1967)",музыкальный фильм,Пьер Коральник,Франция,1967
Анна (мини-сериал),"постапокалипсис, антиутопия",Никколо Амманити,Италия,2021
Анклав (фильм),драма,Горан Радованович,"Сербия, Германия",2015
"Анкор, ещё анкор! (фильм)",драма,Пётр Тодоровский,Россия,1992
Анита О’Дэй: Жизнь джазовой певицы,документальный,"Робби Каволина, Иэн Маккрадден",США,2007
Анискин и Фантомас,"детективный фильм, комедия","Михаил Жаров, Виталий Иванов, Владимир Рапопорт",СССР,1973
"Анимация (фильм, 2020)",драма,Сергей Николаевич,Россия,2020
"Анима мунди (фильм, 1992)",документальный фильм,Годфри Реджио,США,1992
Анжель (фильм),"драма, экранизация литературного произведения",Марсель Паньоль,Франция,1934
"Анжелика, маркиза ангелов (фильм, 2013)","мелодрама, приключения",Ариель Зейтун,Франция,2013
"Агент (фильм, 1991)",боевик,Аарон Норрис,США,1991
Айрик (фильм),мелодрама,Генрих Малян,СССР,1972
Артём (фильм),"историко-революционный, фильм-биография, драма","Николай Кошелев, Валентин Морозов",СССР,1978
Артек. Сквозь столетия,"комедия, приключения, фантастика","Карен Захаров, Армен Ананикян",Россия,2025
Артек. Большое путешествие,"комедия, приключения, фантастика","Карен Захаров, Армен Ананикян",Россия,2022
Арт-колледж 1994,"драма, чёрная комедия",Лю Цзянь,Китай,2023
"Айла (фильм, 2017)",драма,Джан Улкай,"Турция, Республика Корея",2017
Арсенал (фильм),исторический фильм,Александр Довженко,СССР,1929
"Арсен Люпен (фильм, 2004)","боевик, приключенческий фильм, криминальный фильм, мелодрама",Жан-Поль Саломе,"Франция, Италия, Испания, Великобритания",2004
Арсен (фильм),"драма, исторический фильм",Михаил Чиаурели,СССР,1937
Аромат любви Фанфан,"мелодрама, комедия",Александр Жарден,Франция,1993
Алёша (фильм),"драма, мелодрама",Виктор Обухов,СССР,1980
Аромат кукурузы,драма,Джанни Да Кампо,Италия,1986
Аромат зелёной папайи,"драма, мелодрама, музыкальный фильм",Чан Ань Хунг,"Франция, Вьеткьеу Франции",1993
Аромат дыни в Самарканде,"драма, комедия",Али Хамраев,Узбекистан,2021
Арнульф Райнер (фильм),экспериментальное кино,Петер Кубелка,Австрия,1960
Арн: Королевство в конце пути,исторический фильм,Петер Флинт,"Дания, Швеция, Финляндия, Великобритания, Норвегия, Германия",2008
Арн: Рыцарь-тамплиер,исторический фильм,Петер Флинт,"Швеция, Дания, Норвегия, Финляндия, Германия",2007
Баария,"драма, комедия",Джузеппе Торнаторе,"Франция, Италия",2009
Ба-бах,"комедия, фантастика",Грегг Араки,"США, Франция",2010
Аэропорт со служебного входа,производственная драма,Борис Яшин,СССР,1986
Аэропорт 1975,"фильм-катастрофа, драма",Джек Смайт,США,1974
Аэропорт-79: «Конкорд»,"фильм-катастрофа, боевик, драма, триллер",Дэвид Лоуэлл Рич,США,1979
"Аэропорт (фильм, 1970)","трагикомедийный, триллер",Джордж Ситон,США,1970
Аэроплан II: Продолжение,комедия,Кен Финклмен,США,1982
Аэропорт 77,фильм-катастрофа,Джерри Джеймсон,США,1977
Аэроплан!,чёрная комедия,"Джим Абрахамс, Дэвид Цукер, Джерри Цукер",США,1980
Аэро НТ-54,"детективный фильм, фантастика",Николай Петров,СССР,1925
Аэроград,"драма, кинопоэма",Александр Довженко,СССР,1935
Аэронавты,"экшн, приключение, биография",Том Харпер,"США, Великобритания",2019
"Аэлита, не приставай к мужчинам",трагикомедия,Георгий Натансон,СССР,1988
Аэлита (фильм),Фантастика,Яков Протазанов,СССР,1924
Ашик-Кериб (фильм),драма,"Давид Абашидзе, Сергей Параджанов",СССР,1988
Ашанти (фильм),"боевик, приключенческий фильм, драма, триллер",Ричард Флейшер,США,1979
Ахиллес и черепаха (фильм),комедия,Такэси Китано,Япония,2008
Айлин (фильм),"психологический фильм-триллер, экранизация романа",Уильям Олдройд,"США, Великобритания",2023
Антисекс (фильм),драма,"Ренато Кастеллани, Марко Феррери, Франко Росси","Италия, Франция",1964
Барабан (фильм),драма,Зола Масеко,"США, ЮАР",2004
Бар-закусочная «Будапешт»,драма,Тинто Брасс,Италия,1988
Бар «МоскваЧики»,комедия,Анарио Мамедов,Россия,2024
Бар «Гадкий койот»,"мюзикл, комедийная драма",Дэвид МакНэлли,США,2000
Банши Инишерина,"чёрная, трагикомедия",Мартин Макдонах,"Ирландия, США, Великобритания",2022
Банти и Бабли,"комедия, криминал, приключения",Шаад Али,Индия,2005
Бабушкин дом,"ужасы, триллер",Питер Рейдер,США,1988
Бансу (фильм),"триллер, военный фильм",Павел Костомаров,Россия,
Банни Лейк исчезает,детектив,Отто Премингер,Великобритания,1965
Антисемитизм в XXI веке: Возрождение,документальный фильм,Эндрю Голдберг,США,2007
"Банкрот (фильм, 2009)","драма, трагикомедия",Игорь Масленников,Россия,2009
"Банкомат (фильм, 2012)",триллер,Дэвид Брукс,"США, Канада",2012
Американский пирог 5: Голая миля,кинокомедия,Джо Нуссбаум,"США, Канада",2006
Банкиры Бога: Дело Кальви,"драма, исторический фильм, биографический фильм, фильм-триллер",Джузеппе Феррара,Италия,2002
Банковский билет в миллион фунтов стерлингов,"комедия, мелодрама",Рональд Ним,Великобритания,1954
Без дураков,комедийная драма,Роберт Бентон,США,1994
Бабы рязанские,драма,"Ольга Преображенская, Иван Правов",СССР,1927
Без дочери — никогда,драма,Брайан Гилберт,США,1991
Без гроша в Беверли-Хиллз,комедия,Пол Мазурски,США,1986
"Без границ (фильм, 2015)","комедия, мелодрама","Резо Гигинеишвили, Карен Оганесян, Роман Прыгунов",Россия,2015
Без вины виноватый,"боевик, комедия",Пэт Профт,"США, Германия",1998
Без году неделя,"мелодрама, комедия",Николай Засеев-Руденко,СССР,1982
"Без вины виноватые (фильм, 2008)",мелодрама,Глеб Панфилов,Россия,2008
Без греха не вытащишь и рыбку из пруда?,"комедия, эротика",Франко Мартинелли,Италия,1979
"Без вины виноватые (фильм, 1916)",драма,Чеслав Сабинский,Российская империя,1916
"Без видимых причин (фильм, 1982)",детективный фильм,Евгений Татарский,СССР,1981
Без вести пропавший,"драма, военный фильм, киноповесть",Исаак Шмарук,СССР,1956
"Без вины виноватые (фильм, 1945)",драма,Владимир Петров,СССР,1945
"Без видимых причин (фильм, 1971)","детектив, триллер",Филипп Лабро,"Франция, Италия",1971
Бабы,драма,Владимир Баталов,СССР,1940
Без вести пропавшие 2: Начало,Боевик,Лэнс Хул,США,1985
Без бретелек,"драма, мелодрама",Дэвид Хэр,Великобритания,1989
Без близнеца,"комедия, драма",Джеймс Суини,США,2025
Без вести пропавшие,Боевик,Джозеф Зито,США,1984
Без ансамбля,"пародия, музыка, танцы",Дэмиен Уэйанс,США,2009
"Беженцы (фильм, 1933)","пропагандистский фильм, приключения, военный фильм, драма",Густав Учицки,Германия,1933
Бежин луг (фильм),драма,Сергей Эйзенштейн,СССР,1935
Бедуин (фильм),драма,Игорь Волошин,Россия,2011
Безымянный фильм Мартина Скорсезе,"Биографический фильм, криминальная драма, триллер, гангстерский фильм",Мартин Скорсезе,,
"Безымянные герои (фильм, 1971)","боевик, комедия",Чжан Чэ,Гонконг,1971
"Безымянные герои (фильм, 1932)","драма, детектив, приключенческий фильм",Михал Вашиньский,Польша,1932
"Безымянные (фильм, 1969)","фильм-опера, драма",Викентий Серков,СССР,1969
Безымянная — одна женщина в Берлине,драма,"Макс Фэрбербёк (, нем., Max Färberböck","Германия, Польша",2008
Безымянная звезда (фильм),"трагикомедия, мелодрама",Михаил Козаков,СССР,1978
Безупречный (фильм),"комедийная драма, криминал",Кори Финли,США,2019
Безупречная репутация,"комедия, драма, криминал",Бертран Тавернье,Франция,1981
Безупречная комната,психологический триллер,Мукунда Майкл Дьюил,США,2022
Безупречная (фильм),"Психологическая, драма, Триллер",Себастьен Марньер,Франция,2016
"Безумцы (фильм, 2010)","ужасы, триллер",Брек Айснер,"США, ОАЭ",2010
Безумство духов,"комедия, фильм ужасов",Алан Смити,США,1987
"Безумцы (фильм, 1928)","драма, военный фильм",Леонард Бучковский,Польша,1928
"Безумцы (фильм, 1973)","фильм ужасов, фантастика",Джордж Ромеро,США,1973
Безумный Феникс,"драма, биография",Клифтон Ко,Гонконг,1997
Безумный спецназ (фильм),"комедия, военный фильм",Грант Хеслов,"США, Великобритания",2009
Безумный следователь,"триллер, криминальный фильм","Джонни То, Вай Кафай",Гонконг,2007
Безумный рейс,комедия,Владимир Плешаков,Россия,1992
Безумный секс,комедия,Дино Ризи,Италия,1973
Безумный Сесил Б.,"комедия, криминал, триллер",Джон Уотерс,"Франция, США",2000
Безумный плод,фильм-драма,Ко Накахира,Япония,1956
Безумный Пьеро,"комедия, детективный фильм, драма",Жан-Люк Годар,"Франция, Италия",1965
Берег в тумане,Фильм нуар,Анатоль Литвак,США,1941
Берег (фильм),мелодрама,"Александр Алов, Владимир Наумов","Западный Берлин, СССР, ФРГ",1983
Бёрдмэн,"чёрная, трагикомедия",Алехандро Г. Иньярриту,США,2014
Бергман (фильм),документальный,Яне Магнуссон,"Швеция, Норвегия",2018
Бергдорф Гудман: Больше века на вершине модного олимпа,документальный фильм,Мэттью Миле,США,2013
Беовульф и Грендель,фэнтези,Стурла Гуннарссон,"Канада, Великобритания, Исландия",2005
"Беовульф (фильм, 2007)","драма, боевик, фэнтези",Роберт Земекис,США,2007
"Беовульф (фильм, 1999)","фильм ужасов, боевик, фантастика",Грэм Бейкер,США,1999
Бенямишек,"драма, экранизация",Влодзимеж Ольшевски,ПНР,1975
Бабушкина лупа,короткометражка,Джордж Альберт Смит,Великобритания,1900
Безумный Макс 2: Воин дороги,"постапокалиптический, боевик",Джордж Миллер,Австралия,1981
Беня Крик (фильм),драма,Владимир Вильнер,СССР,1926
Бенни и Джун,"романтическая комедия, драма, физическая комедия",Джеремайя С. Чечик,США,1993
Билли Мэдисон,комедия,Тамра Дэвис,США,1995
Билли Батгейт,"гангстерский фильм, криминальный фильм, боевик, драма",Роберт Бентон,США,1991
Билл и Тед снова в деле,"Рок, хеви-метал",Дин Паризо,США,2020
Билли Айлиш: Слегка размытый мир,документальный фильм,Ар Джей Катлер,США,2021
Билитис,"эротическая, мелодрама, драма",Дэвид Гамильтон,"Франция, Италия",1977
Билет на поезд (фильм),"комедия, драма","Аббас Киаростами, Эрманно Ольми, Кен Лоуч","Италия, Великобритания",2005
Билет на Vegas,"комедия, приключения",Гор Киракосян,"Россия, США",2013
Билет на небеса,драма,Ральф Томас,Канада,1981
"Билет в рай (фильм, 2022)",романтическая комедия,Ол Паркер,США,2022
Билет в Томагавк,"вестерн, комедия",Ричард Сейл,США,1950
Билет в один конец на Луну,"мелодрама, кинокомедия, роуд-муви",Яцек Бромски,Польша,2013
"Билет в красный театр, или Смерть гробокопателя","криминал, детектив, исторический",Амурбек Гобашиев,Россия,1992
Билет (фильм),драма,Стюарт Купер,США,1997
Билборд (фильм),триллер,Лукаш Заджинский,Польша,1998
Бикфордов шнур (фильм),трагикомедия,Пьер Жалица,Босния и Герцеговина,2003
Бизнес ради любви,романтическая комедия,Джил Янгер,США,2010
"Битва полов (фильм, 2017)",комедия-драма,"Джонатан Дэйтон, Валери Фэрис","США, Великобритания",2017
Безумный Макс 3: Под куполом грома,"боевик, постапокалиптика, дизельпанк","Джордж Миллер, Джордж Огилви",Австралия,1985
Блюз ночью,"Музыкальный фильм, Фильм нуар, Мелодрама",Анатоль Литвак,США,1941
Безумный Макс,"дистопический, боевик",Джордж Миллер,Австралия,1979
"Блюз малышки (фильм, 2008)","фильм ужасов, триллер, криминальный фильм","Ларс Е. Джейкобсон, Амардип Калека",США,2008
Блюбарелла: Супервумен,пародия,Уве Болл,Германия,2011
Блю,"драма, ЛГБТ-фильм, документальный фильм",Дерек Джармен,Великобритания,1993
Блэкуотер Лейн,,Джефф Селентано,США,2024
Блэкторн,вестерн,Матео Хиль,"Испания, Боливия, США",2011
Блэйз (фильм),"драма, биографический фильм",Итан Хоук,США,2018
Блэкаут 77 года,"фильм-ограбление, триллер",Кэри Фукунага,США,
Блэкджек (фильм),боевик,Джон Ву,"США, Канада",1998
Блэйд: Троица,"музыка для сцены и экрана, биг-бит, хип-хоп, рок, электронная музыка",Дэвид Гойер,США,2004
Блэйд 2,"супергероика, боевик, фэнтези, триллер, ужасы",Гильермо дель Торо,"США, Германия",2002
"Блэйд (фильм, 1998)","супергероика, боевик, ужасы, триллер, драма",Стивен Норрингтон,США,1998
Блумингтон (фильм),мелодрама,Фернанда Кардосо,США,2010
Блэйд (предстоящий фильм),"супергероика, боевик, фэнтези, ужасы, фильм о вампирах",,США,
Безумный Макс: Дорога ярости,"постапокалиптический, боевик, дизельпанк",Джордж Миллер,"Австралия, США",2015
Блуждающий огонёк,драма,Луи Маль,"Италия, Франция",1963
Блуждающий образ,мелодрама,Фриц Ланг,Германия,1920
Блуждающие огни (фильм),"драма, мелодрама",Пётр Чардынин,Россия,1917
"Блуждающие звёзды (фильм, 1991)",мелодрама,Всеволод Шиловский,СССР,1991
Большая двадцатка (фильм),"боевик, фильм-триллер",Патрисия Ригген,США,2025
Большая гонка. Лянча против Ауди,исторический фильм,Стефано Мордини,"Италия, Великобритания",2024
Большая голубая дорога,драма,Джилло Понтекорво,"Италия, Франция, Германия, Югославия",1957
Большая война,"комедия, военная драма",Марио Моничелли,Италия,1959
Большая вода (фильм),драма,Иво Трайков,Северная Македония,2004
Большая боль,"детектив, триллер",Бэрри Пик,Австралия,1985
Большая белая обуза,"драма, криминал, комедия",Марк Майлод,США,2005
"Барри (фильм, 2016)","биографический фильм, драма",Викрам Ганди,США,2016
Большая белая надежда,драма,Мартин Ритт,США,1970
Большая белая башня,социальная драма,Сацуо Ямамото,Япония,1966
Большая афера,комедия,Дон МакКеллар,"Канада, США",2013
Большая Америка,"документальный, комедия",Майкл Мур,"США, Великобритания",1997
Безумный монстр,фильм ужасов,Сэм Ньюфилд,США,1942
Борьба за справедливость,драма,Джеймс Кич,США,1994
Борьба за свободу,вестерн,Дэвид Уорк Гриффит,США,1908
Борьба за огонь (фильм),"драма, приключения",Жан-Жак Анно,"Канада, Франция",1981
Борьба гигантов,драма,"Турин, Виктор Александрович",СССР,1926
Борьба без оружия,социальная драма,Сацуо Ямамото,Япония,1960
Борьба в долине,социальная драма,Юсеф Шахин,Египет,1954
Борцы с преступностью,комедийный боевик,Энцо Барбони,"США, Италия",1977
Борцы за светлое царство III Интернационала,агитфильм,Борис Светлов,РСФСР,1919
Борцы (фильм),"политическая, драма",Густав фон Вангенхайм,СССР,1936
Борсалино и компания,"гангстерский фильм, драма, боевик",Жак Дере,"Франция, Италия, ФРГ",1974
Борислав смеётся (фильм),"драма, экранизация",Иосиф Рона,СССР,1927
Борсалино (фильм),гангстерский фильм,Жак Дере,"Франция, Италия",1970
Борис Рыжий (фильм),документальное кино,Алёна ван дер Хорст,Нидерланды,2008
"Борис Годунов (фильм, 2011)",драма,Владимир Мирзоев,Россия,2011
Боккаччо-70,комедия,"Марио Моничелли, Федерико Феллини, Лукино Висконти, Витторио де Сика","Франция, Италия",1962
"Борис Годунов (фильм, 1987)",музыкальный фильм,Борис Небиеридзе,СССР,1987
"Борис Годунов (фильм, 1986)","исторический фильм, фильм-биография",Сергей Бондарчук,"СССР, Чехословакия, Польша, ФРГ",1986
"Борис Годунов (фильм, 1907)","исторический, драма",Иван Шувалов,Российская империя,1907
"Борис Годунов (фильм-опера, 1989)","фильм-опера, драма",Анджей Жулавский,"Франция, Испания, Югославия",1989
Бродячий автобус,драма,Иосиф Хейфиц,СССР,1989
Бродячие ангелы,мелодрама,Алан Смити,США,1980
Бродячие псы,драма,Цай Минлян,"Китайская Республика, Франция",2013
Бродячая принцесса,драма,Кинуё Танака,Япония,1960
Бродячие актёры,комедия,Микио Нарусэ,Япония,1940
Бродяги Севера (фильм),"детский фильм, приключения, экранизация",Игорь Негреску,СССР,1983
"Бродяги (фильм, 1997)",драма,Вин Дизель,США,1997
"Бродяги (фильм, 1986)",триллер,Джон Мактирнан,США,1986
Бокс с кенгуру,документальный фильм,Макс Складановский,Германия,1895
Бродяга Кэнсин: Последняя легенда,"боевые искусства, боевик, дзидайгэки",Кэйдзи Отомо,Япония,2014
Бродяга Кэнсин: Великий киотский пожар,"Боевые искусства, Боевики, Драмы, Исторические",Кэйдзи Отомо,Япония,2014
Бродяга Кэнсин (фильм),"Боевые искусства, Боевики, Драмы, Исторические",Кэйдзи Отомо,,2012
"Бродяги (фильм, 1960)","драма, вестерн",Фред Циннеман,"США, Великобритания, Австралия",1960
Бродяга и собака,немое кино,неизвестно,США,1896
Бродяга Генри Ли Лукас,триллер,Майкл Фейфер,США,2009
"Бродяга (фильм, 1981)",Драма,Джек Фиск,США,1981
"Бродяга (фильм, 1992)","триллер, фильм ужасов",Крис Уолас,"США, Франция",1992
"Бродяга (фильм, 1951)","процессуальная драма, драма",Радж Капур,Индия,1951
"Бродяга (фильм, 1915)",трагикомедия,Чарли Чаплин,США,1915
Бродяга Архимед,"социальная драма, кинокомедия",Жиль Гранжье,"Франция, Италия",1959
Бродский не поэт,документальный фильм,Илья Белов,Россия,2015
Бывшая,"ужасы, драма, триллер",Евгений Пузыревский,Россия,2021
"Бушующее море, вызвавшее наводнение в Дувре",документальный фильм,Бирт Акрес,Великобритания,1895
Бродвейская мелодия 1938 года,Музыкальный фильм,Рой Дель Рут,США,1937
Бушвик (фильм),"триллер, боевик","Джонатан Милотт, Кэри Мернион",США,2017
"Битва полов (фильм, 1914)",драма,Дэвид Уорк Гриффит,США,1914
Буш (фильм),биография,Оливер Стоун,США,2008
Буча в Гуче,"комедия, драма",Душан Милич,"Сербия, Германия, Болгария, Австрия",2006
Быстрейшая гитара из всех живущих,"вестерн, музыкальный фильм",Майкл Д. Мур,США,1967
"Быстро, дёшево и неуправляемо",документальный,Эррол Моррис,США,1997
Быстро и без боли,"драма, криминальный фильм, мелодрама",Фатих Акин,Германия,1998
"Быстрее, чем кролики",комедия,Дмитрий Дьяченко,Россия,2014
"Быстрее, давай поженимся!",драма,Уильям Дитерле,США,1964
Быстрее собственной тени,"драма, спортивный фильм",Павел Любимов,СССР,1980
"Быстрее пули (фильм, 2010)","боевик, драма",Джордж Тиллман мл.,США,2010
"Быстрее пули (фильм, 2022)",комедийный боевик,Дэвид Литч,США,2022
Быстрее молнии,приключенческий фильм,Николас Гесснер,"Швейцария, ФРГ, Австрия",1988
"Быстрее ветра (фильм, 1990)",приключенческий фильм,Питер Даффелл,Великобритания,1990
Была война,драма,Олег В. Семенец,Россия,2015
Была без радости любовь,драма,Александр Аркатов,Российская империя,1916
Было у отца три сына,мелодрама,Геннадий Иванов,СССР,1981
Был отец,драма,Ясудзиро Одзу,Япония,1942
Был месяц май,"военный фильм, драма",Марлен Хуциев,СССР,1970
Был настоящим трубачом,"детский фильм, драма","Константин Бромберг, Гиндин, Иосиф Львович",СССР,1973
Быкоголовый (фильм),драма,Михаэль Роскам,Бельгия,2011
"Бык (фильм, 2019)",криминальная драма,Борис Акопов,Россия,2019
"Бык (фильм, 1991)",драма,Свен Нюквист,"Швеция, Норвегия, Дания",1991
Бывший каторжник (фильм),драма,Эдвин Стэнтон Портер,США,1904
Бывшие. Happy End,мелодрама,Антон Мегердичев,Россия,2022
Бывшая с того света,Комедия,Эдвард Холл,Великобритания,2020
Буча (фильм),"Военный фильм, драма",Станислав Тиунов,Украина,2024
В одну-единственную жизнь,драма,Игорь Апасян,СССР,1986
В ожидании Ани (фильм),драма,Бен Куксон,"Великобритания, Бельгия",2020
В одну сторону,"криминальная драма, психилогический, триллер",Рето Салимбени,"Германия, Канада",2006
В одном маленьком городе,драма,Гига Лордкипанидзе,СССР,1985
В одной знакомой улице…,драма,Александр Козьменко,СССР,1988
В одно прекрасное детство,"комедия, музыкальный фильм, детский фильм",Яков Сегель,СССР,1979
"В один прекрасный день (фильм, 1976)","киноальманах, музыкальная комедия, фантастический фильм","Юлий Гусман, Рустам Ибрагимбеков","СССР, Азербайджанская ССР",1976
В одно ухо влетело,комедия,Терри Кинни,США,2008
"В один прекрасный день (фильм, 1955)",комедия,Михаил Слуцкий,СССР,1955
В огне,"фильм-триллер, боевик",Джим Уайнорски,США,2001
Бокс (фильм),документальный фильм,"Макс Складановский, Эмиль Складановский",Германия,1895
В огне брода нет,"драма, исторический фильм",Глеб Панфилов,СССР,1967
В объятиях убийцы,"драма, триллер",Роберт Коллинз,США,1992
В овечьей шкуре,комедийный боевик,Брендан Гиббонс,"Австралия, США",2011
В объятиях лжи,психологический триллер,Нил Джордан,"США, Ирландия",2018
В объективе — животные,научно-популярный фильм,,СССР,
В ночь на новолуние,"экранизация, драма","Юсуп Даниялов, Дмитрий Коржихин",СССР,1977
В ночь лунного затмения,"драма, мелодрама",Барас Халзанов,СССР,1978
В небе только девушки,комедия,Василий Журавлёв,СССР,1967
В небе «ночные ведьмы»,"драма, военный фильм",Евгения Жигуленко,СССР,1981
"В ночи (фильм, 1985)","Поп-рок, Ритм-н-блюз",Джон Лэндис,США,1985
В начале славных дел,"историческая, драма",Сергей Герасимов,"СССР, ГДР",1980
В ночной тиши,"детектив, психологический триллер",Роберт Бентон,США,1982
В начале игры,драма,Юрий Мастюгин,СССР,1981
В. И. Варшавски,"комедийный боевик, фильм-тайна, романтическая комедия, криминальный фильм, экранизация романа",Джефф Кэнью,США,1991
В этом южном городе,драма,Эльдар Кулиев,СССР,1969
В ясный день увидишь вечность,"комедия, мюзикл",Винсент Миннелли,США,1970
В. Давыдов и Голиаф,комедия,Геннадий Байсак,СССР,1985
В яблочко!,комедия,Майкл Уиннер,Великобритания,1990
В этом наша жизнь (фильм),драма,Джон Хьюстон,США,1942
В этом мире я больше не чувствую себя как дома,комедийный триллер,Мэйкон Блэр,США,2017
"В это же время, в следующем году","комедия, драма, мелодрама",Роберт Маллиган,США,1978
В электрическом тумане,"криминальный фильм, фильм-тайна, драма, экранизация романа",Бертран Тавернье,"Франция, США",2009
В шаге от ужаса,"Фильм нуар, Психологический триллер",Гарри Келлер,США,1958
В шоу только девушки,комедия,Майкл Лембек,США,2004
В чужом ряду,"драма, триллер",Роджер Мичелл,США,2002
"В чужой шкуре (фильм, 2020)","триллер, научная фантастика, боди-хоррор",Брэндон Кроненберг,"Канада, Великобритания",2020
В чужие руки: Истории Киндертранспорта,документальный фильм,Марк Джонатан Харрис,"США, Великобритания",2000
В чёрной стране,драма,Люсьен Нонге,Франция,1905
В чёрных песках (фильм),"военный, исторический, приключенческий, истерн",Искандер Хамраев,СССР,1972
В четверг и больше никогда,драма,Анатолий Эфрос,СССР,1977
"В чём дело, док?","романтическая, эксцентрическая комедия",Питер Богданович,США,1972
В честь пропавшего солдата,драма,Roeland Kerbosch,Нидерланды,1992
В час ночи,комедия,Чарли Чаплин,США,1916
"В центр солнца (фильм, 1992)","боевик, комедия",Фриц Кирш,США,1992
Вам — задание,"военный, драма, экранизация",Юрий Бержицкий,Беларусь,2004
Вам и не снилось…,"мелодрама, драма",Илья Фрэз,СССР,1980
В центре внимания,"драма, биография",Том Маккарти,США,2015
Вальтер защищает Сараево,"военный фильм, драма",Хайрудин Крвавац,Югославия,1972
Вальсируя с Брандо,биографический фильм,Билл Фишман,США,2024
Ведьмина гора,"научная фантастика, приключения, семейный фильм, триллер",Энди Фикмен,США,2009
Ведьмина служба доставки (фильм),экранизация романа,Такаси Симидзу,Япония,2014
Ведьмина доска,фильм ужасов о сверхъестественном,Чак Рассел,США,2024
Ведьмовство (фильм),фильм ужасов,Фабрицио Лауренти,Италия,1989
Вальсирующие,"криминальная, комедия, роуд-муви, бадди-муви, эротика",Бертран Блие,Франция,1974
Ведьма из Блэр: Новая глава,"фильм ужасов о сверхъестественном, найденная плёнка",Адам Вингард,"США, Канада",2016
Ведьма в чёрной кожаной куртке,эксплуатационное кино,Джон Уотерс,США,1964
"Ведьма (фильм, 2018)",боевик,Пак Хун Джон,Республика Корея,2018
Ведьма войны,"драма, военный",Ким Нгуен,Канада,2012
Ведьма из Блэр 2: Книга теней,ужасы,Джо Берлингер,США,2000
Ведьма из Блэр: Курсовая с того света,"психологический фильм ужасов, найденная плёнка","Дэниел Мирик, Эдуардо Санчес",США,1999
"Ведьма (фильм, 1916)","фантастическая, драма","Александр Пантелеев, Г. Богданов",Российская империя,1916
"Ведьма (фильм, 1990)","мистическая драма, комедия, экранизация",Галина Шигаева,СССР,1990
"Ведьма (фильм, 1966)","драма, мистика, магический реализм",Дамиано Дамиани,Италия,1966
"Ведьма (фильм, 1958)",драма,Александр Абрамов,СССР,1958
"Ведьма (фильм, 2015)","фильм ужасов, фильм-тайна",Роберт Эггерс,Великобритания,2015
"Ведьма (фильм, 2006)","мистика, фильм ужасов",Олег Фесенко,Россия,2006
"Вдовы (фильм, 2018)","драма, детективный фильм, триллер",Стив Маккуин,"США, Великобритания",2018
Веб-камера (фильм),"ужасы, триллер, детектив",Дэниель Гольдхабер,США,2018
"Вдребезги (фильм, 1991)","детектив, триллер",Вольфганг Петерсен,США,1991
"Вдребезги (фильм, 2011)",кинокомедия,Роман Каримов,Россия,2011
"Вдовы (фильм, 1976)",драма,Сергей Микаэлян,СССР,1976
Вдовья гора,"комедия, мелодрама",Джон Ирвин,"Ирландия, Великобритания",1994
"Вдовствующая императрица (фильм, 1975)",историческая драма,Ли Ханьсян,Гонконг,1975
Вдовий пароход (фильм),драма,Станислав Митин,Россия,2010
Вербо,"триллер, тёмное фэнтези, драма",Эдуардо Чаперо-Джексон,Испания,2011
Верблюд — через игольное ушко,комедия,"Гуго Гаас, Отакар Вавра",Чехословакия,1937
Вербовщик (фильм),"детектив, драма",Эдуард Гаврилов,СССР,1991
Веракрус (фильм),Вестерн,Роберт Олдрич,США,1954
Вера Мирцева (фильм),драма,Михаил Мартов,Российская империя,1916
Вера. Надежда. Любовь,"приключения, военный",Владимир Грамматиков,СССР,1984
Бумажные цветы,"музыкальный фильм, мелодрама",Гуру Датт,Индия,1959
"Вероятно, дьявол",драма,Робер Брессон,Франция,1977
Версальский роман,"историческая, драма",Алан Рикман,Великобритания,2014
Вероника решает умереть (фильм),Драма,Эмили Янг,США,2009
Вероника Марс (фильм),"драма, мелодрама, детектив",Роб Томас,США,2014
Вероника и её лентяй,комедия,Эрик Ромер,Франция,1959
Вероника не придёт,драма,Элина Суни,Россия,2008
Вероломство (фильм),мелодрама,Сесиль Блаунт де Милль,США,1915
Верой и правдой,"производственная, драма",Андрей Смирнов,СССР,1979
Верняк,комедия,Роб Райнер,США,1985
Верный Руслан (фильм),драма,Владимир Хмельницкий,"Украина, Швеция",1992
Верный друг,комедийная драма,"Скотт Макгихи, Дэвид Сигел",США,2024
Верный друг Санчо,детский фильм,Янис Стрейч,СССР,1974
Верные друзья (фильм),комедия,Михаил Калатозов,СССР,1954
Вернуть Бена,драма,Питер Хеджес,США,2018
Вернувшиеся,"фильм ужасов, фильм о зомби",Робен Кампийо,Франция,2004
Верность матери,драма,Марк Донской,СССР,1966
"Верность, надежда и любовь",музыкальная мелодрама,Билле Аугуст,Дания,1984
"Верность (фильм, 2019)","драма, эротика",Нигина Сайфуллаева,Россия,2019
Верность в эпоху Гэнроку,фильм-драма,Кэндзи Мидзогути,Япония,1941
"Верность (фильм, 1996)","комедия, мелодрама",Пол Мазурски,США,1996
"Верность (фильм, 2000)",драма,Анджей Жулавский,"Франция, Португалия",2000
"Верность (фильм, 1965)",драма,Пётр Тодоровский,СССР,1965
"Вернись, моя любовь",романтическая комедия,Делберт Манн,США,1961
Верное сердце,"драма, авангард",Жан Эпштейн,Франция,1923
Весна убийств,детективный фильм,Стивен Уильямс,Канада,2002
"Вернись, малышка Шеба","драма, мелодрама",Дэниэл Манн,США,1952
"Весна, пан сержант!",комедия,Тадеуш Хмелевский,Польша,1974
"Весна, лето, осень, зима… и снова весна",притча,Ким Ки Дук,"Республика Корея, Германия",2003
Весна проходит,лирическая киноповесть,Нодар Манагадзе,СССР,1983
Взвесь весь риск,"детектив, драма, мелодрама",Клод Соте,"Франция, Италия",1960
Взбесившийся барашек,"трагикомедия, мелодрама",Мишель Девиль,"Франция, Италия",1974
Взбесившийся автобус,криминальный фильм,Георгий Натансон,СССР,1990
Взгляды. Феноменология,документальное кино,Дмитрий Сидоров,Россия,2002
Взгляд Улисса,драма,Теодорос Ангелопулос,"Греция, Франция, Италия, Германия, Албания, Румыния, СР Югославия, Босния и Герцеговина",1995
Вздёрни их повыше,вестерн,Тед Пост,США,1968
Вздох,драма,Ким Ки Дук,Республика Корея,2007
Взгляд тишины,"документальный, исторический","Джошуа Оппенхаймер, Анонимные сорежиссёры","Великобритания, Дания, Индонезия, Норвегия, США, Финляндия",2014
Взгляд свидетеля,драма,Питер Хант,США,1991
Взгляд в прошлое,комедия,Франко Амурри,США,1990
Взвод вампиров,боевик,Дэвид Прайор,США,1991
Взгляд на жизнь,монтажный фильм,Джордж Лукас,США,1965
Взгляд зимы,Криминальный триллер,Це Чун,США,2013
Взвод монстров,комедия,Фред Деккер,США,1987
"Взаперти (фильм, 2020)",психологический триллер,Аниш Чаганти,"Канада, США",2020
Взвод (фильм),"военная, драма",Оливер Стоун,США,1986
"Вещи, о которых я тебе никогда не говорила",комедийная драма,Изабель Койшет,"Испания, США",1996
Вечный свет,драма,Гаспар Ноэ,Франция,2019
Вешние воды (фильм),драма,Ежи Сколимовский,"Италия, Франция, Великобритания",1989
"Взаперти (фильм, 2016)",триллер,Фэррен Блэкберн,"США, Франция, Канада",2016
"Взаперти (фильм, 1989)","драма, криминал, триллер, экшн",Джон Флинн,США,1989
Вечный путь,"кинодрама, история",Анти-Юсси Аннила,"Финляндия, Швеция, Эстония",2017
"Вечный жид (фильм, 1933)",,,,
Вечный мир (фильм),комедия,Барри Левинсон,США,2000
"Вечный муж (фильм, 1990)",драма,Евгений Марковский,СССР,1990
Вечный город (фильм),мелодрама,Джордж Фицморис,США,1923
Вечный жид (фильм),"документальный, пропагандистский","Хипплер, Фриц",Нацистская Германия,1940
Вечный зов (телесериал),эпический фильм,"Владимир Краснопольский, Валерий Усков",СССР,1976
Вечные (фильм),"супергероика, боевик, драма, приключения, альтернативная история",Хлоя Чжао,США,2021
"Владивосток (фильм, 2021)","криминальная, мелодрама",Антон Борматов,Россия,2021
Владение 18,"фильм ужасов, триллер, детективный фильм",Святослав Подгаевский,Россия,2014
Владения султана,боевик,Мукул С. Ананд,Индия,1986
Вкуси пулю,вестерн,Ричард Брукс,США,1975
Вкусная дрянь,"комедия, ужасы",Ларри Коэн,США,1985
Винни-Пух: Кровь и мёд 2,слэшер,Рис Фрейк-Уотерфилд,Великобритания,2024
Влажные мечты на улице Вязов,"порнофильм, фильм ужасов, кинопародия",Ли Рой Майерс,США,2011
Вкус страха,"фильм ужасов, триллер",Сеф Холт,Великобритания,1961
Вкус халвы,"комедия, музыкальный фильм, сказка",Павел Арсенов,СССР,1975
"Владивосток, год 1918","военный, исторический",Эдуард Гаврилов,СССР,1982
Владимир Ильич Ленин (фильм),фильм-биография,"Михаил Ромм, Василий Беляев",СССР,1949
Вкус хлеба,драма,Алексей Сахаров,СССР,1979
Вкус холодной стали,"боевик, приключенческий фильм",Гриффин Юэ,Гонконг,1970
Вкус солнечного света,"драма, исторический фильм, мелодрама",Иштван Сабо,"Германия, Австрия, Канада, Венгрия",1999
